{"cameraMode":{"drawMode":0,"name":"Shaded","section":"Shading Mode"},"sceneLighting":true,"audioPlay":false,"sceneViewState":{"m_AlwaysRefresh":false,"showFog":true,"showSkybox":true,"showFlares":true,"showImageEffects":true,"showParticleSystems":true,"showVisualEffectGraphs":true,"m_FxEnabled":true},"in2DMode":false,"pivot":{"x":445.92047119140627,"y":286.24676513671877,"z":17.09295654296875},"rotation":{"x":-0.04829072207212448,"y":0.0005965185118839145,"z":-0.000028819993531215005,"w":-0.9988338947296143},"size":295.0314636230469,"orthographic":false}